{
    "components": ["AL", "CO", "CR"],
    "phases": ["BCC_A2", "BCC_B2", "FCC_A1", "SIGMA_D8B"],
    "broadcast_conditions": false,
    "conditions":
    {
	"T": [
	    1273.0, 1273.0, 1273.0, 1273.0, 1273.0, 1273.0, 1273.0, 1273.0, 1273.0, 1273.0,
	    1473.0, 1473.0, 1473.0, 1473.0, 1473.0, 1473.0, 1473.0, 1473.0, 1473.0, 1473.0, 1473.0, 1473.0, 1473.0, 1473.0, 1473.0, 1473.0,
	    1573.0, 1573.0, 1573.0, 1573.0, 1573.0, 1573.0, 1573.0, 1573.0, 1573.0, 1573.0,
	    1623.0, 1623.0, 1623.0, 1623.0
	     ],
	"P": [101325]
    },
    "output": "ZPF",
    "values":
    [
	[["BCC_A2", ["CR", "AL"], [0.758, 0.091]], ["BCC_B2", ["CR", "AL"], [0.057999999999999996, 0.465]]],
	[["BCC_A2", ["CR", "AL"], [0.706, 0.264]], ["BCC_B2", ["CR", "AL"], [0.046, 0.499]]],
	[["BCC_A2", ["CR", "AL"], [0.71200000, 0.053]], ["SIGMA", ["CR", "AL"], [0.629, 0.031]]],
	[["BCC_B2", ["CR", "AL"], [0.133, 0.347000]], ["FCC_A1", ["CR", "AL"], [0.28600000000000003, 0.071]]],
	[["BCC_B2", ["CR", "AL"], [0.057999999999999996, 0.377]], ["FCC_A1", ["CR", "AL"], [0.135, 0.107]]],
	[["BCC_B2", ["CR", "AL"], [0.16899999999999998, 0.325]], ["FCC_A1", ["CR", "AL"], [0.33, 0.07]]],
	[["BCC_B2", ["CR", "AL"], [0.159, 0.36200000]], ["SIGMA_D8B", ["CR", "AL"], [0.62, 0.03]]],
	[["BCC_B2", ["CR", "AL"], [0.171, 0.346000000]], ["SIGMA_D8B", ["CR", "AL"], [0.585, 0.031]]],
	[["FCC_A1", ["CR", "AL"], [0.365, 0.024]], ["SIGMA_D8B", ["CR", "AL"], [0.544, 0.012]]],
	[["BCC_B2", ["CR", "AL"], [0.178000, 0.321]], ["FCC_A1", ["CR", "AL"], [0.3520, 0.057]], ["SIGMA_D8B", ["CR", "AL"], [0.532999, 0.0280]]],
	[["BCC_A2", ["CR", "AL"], [0.506, 0.13]], ["BCC_B2", ["CR", "AL"], [0.4270000, 0.18]]],
	[["BCC_A2", ["CR", "AL"], [0.568, 0.122]], ["BCC_B2", ["CR", "AL"], [0.343, 0.256]]],
	[["BCC_A2", ["CR", "AL"], [0.603, 0.145]], ["BCC_B2", ["CR", "AL"], [0.27399999999999997, 0.331]]],
	[["BCC_A2", ["CR", "AL"], [0.649, 0.149]], ["BCC_B2", ["CR", "AL"], [0.203, 0.387]]],
	[["BCC_A2", ["CR", "AL"], [0.72, 0.149]], ["BCC_B2", ["CR", "AL"], [0.129, 0.433]]],
	[["BCC_A2", ["CR", "AL"], [0.6970000000000001, 0.19399999999999998]], ["BCC_B2", ["CR", "AL"], [0.11199999999999999, 0.456]]],
	[["BCC_A2", ["CR", "AL"], [0.596, 0.32899999999999996]], ["BCC_B2", ["CR", "AL"], [0.11599999999999999, 0.49200000000000005]]],
	[["BCC_A2", ["CR", "AL"], [0.5489999999999999, 0.38]], ["BCC_B2", ["CR", "AL"], [0.151, 0.507]]],
	[["BCC_A2", ["CR", "AL"], [0.48200000000000004, 0.057999999999999996]], ["FCC_A2", ["CR", "AL"], [0.382, 0.055]]],
	[["BCC_A2", ["CR", "AL"], [0.5589999999999999, 0.043]], ["SIGMA_D8B", ["CR", "AL"], [0.578, 0.022000000000000002]]],
	[["BCC_A2", ["CR", "AL"], [0.62, 0.031]], ["SIGMA_D8B", ["CR", "AL"], [0.616, 0.012]]],
	[["BCC_A2", ["CR", "AL"], [0.634, 0.008]], ["SIGMA_D8B", ["CR", "AL"], [0.696, 0.009000000000000001]]],
	[["BCC_B2", ["CR", "AL"], [0.069, 0.332]], ["FCC_A1", ["CR", "AL"], [0.125, 0.139]]],
	[["BCC_B2", ["CR", "AL"], [0.16899999999999998, 0.273]], ["FCC_A1", ["CR", "AL"], [0.253, 0.11699999999999999]]],
	[["BCC_B2", ["CR", "AL"], [0.309, 0.19]], ["FCC_A1", ["CR", "AL"], [0.319, 0.113]]],
	[["FCC_A1", ["CR", "AL"], [0.418, 0.025]], ["SIGMA_D8B", ["CR", "AL"], [0.546, 0.01]]],
	[["BCC_A2", ["CR", "AL"], [0.561, 0.185]], ["BCC_B2", ["CR", "AL"], [0.451, 0.24600000000000002]]],
	[["BCC_A2", ["CR", "AL"], [0.5920000000000001, 0.21]], ["BCC_B2", ["CR", "AL"], [0.32, 0.33899999999999997]]],
	[["BCC_A2", ["CR", "AL"], [0.5760000000000001, 0.28600000000000003]], ["BCC_B2", ["CR", "AL"], [0.182, 0.452]]],
	[["BCC_A2", ["CR", "AL"], [0.5720000000000001, 0.319]], ["BCC_B2", ["CR", "AL"], [0.172, 0.46399999999999997]]],
	[["BCC_A2", ["CR", "AL"], [0.496, 0.38799999999999996]], ["BCC_B2", ["CR", "AL"], [0.213, 0.485]]],
	[["BCC_A2", ["CR", "AL"], [0.45399999999999996, 0.048]], ["FCC_A1", ["CR", "AL"], [0.385, 0.040999999999999995]]],
	[["BCC_A2", ["CR", "AL"], [0.35, 0.11699999999999999]], ["FCC_A1", ["CR", "AL"], [0.319, 0.091]]],
	[["BCC_B2", ["CR", "AL"], [0.079, 0.293]], ["FCC_A1", ["CR", "AL"], [0.125, 0.13]]],
	[["BCC_B2", ["CR", "AL"], [0.193, 0.235]], ["FCC_A1", ["CR", "AL"], [0.247, 0.121]]],
	[["BCC_B2", ["CR", "AL"], [0.242, 0.18899999999999997]], ["FCC_A1", ["CR", "AL"], [0.26899999999999996, 0.105]]],
	[["BCC_A2", ["CR", "AL"], [0.527, 0.32]], ["BCC_B2", ["CR", "AL"], [0.22699999999999998, 0.445]]],
	[["BCC_A2", ["CR", "AL"], [0.498, 0.366]], ["BCC_B2", ["CR", "AL"], [0.213, 0.48]]],
	[["BCC_A2", ["CR", "AL"], [0.524, 0.256]], ["BCC_B2", ["CR", "AL"], [0.395, 0.321]]],
	[["BCC_A2", ["CR", "AL"], [0.47, 0.40299999999999997]], ["BCC_B2", ["CR", "AL"], [0.222, 0.48]]]
    ],
    "reference": "ishikawa1998phase",
    "comment": "Table 1."}
