{
    "components": [
        "AL",
        "CO",
        "W"
    ],
    "phases": [
        "BCC_B2",
        "CO3W",
        "FCC_A1",
        "BCC_A2",
        "MU_D85"
    ],
    "broadcast_conditions": false,
    "conditions": {
        "T": [
            1173.0,
            1173.0,
            1173.0,
            1173.0,
            1173.0,
            1173.0,
            1173.0,
            1173.0,
            1173.0,
            1173.0,
            1173.0,
            1173.0,
            1173.0,
            1173.0,
            1173.0,
            1173.0,
            1173.0,
            1173.0,
            1173.0,
            1173.0,
            1173.0,
            1173.0,
            1173.0,
            1173.0,
            1173.0,
            1173.0,
            1173.0,
            1173.0,
            1173.0,
            1173.0,
            1173.0,
            1173.0,
            1173.0,
            1173.0,
            1173.0
        ],
        "P": [
            101325.0
        ]
    },
    "output": "ZPF",
    "values": [
        [["FCC_A1", ["CO", "AL"], [0.972, 0.003]], ["CO3W", ["CO", "AL"], [0.779, 0.0]]],
        [["FCC_A1", ["CO", "AL"], [0.9309999999999999, 0.031]], ["CO3W", ["CO", "AL"], [0.777, 0.006]]],
        [["FCC_A1", ["CO", "AL"], [0.899, 0.057999999999999996]], ["CO3W", ["CO", "AL"], [0.78, 0.008]]],
        [["FCC_A1", ["CO", "AL"], [0.88, 0.066]], ["CO3W", ["CO", "AL"], [0.777, 0.01]]],
        [["FCC_A1", ["CO", "AL"], [0.863, 0.083]], ["CO3W", ["CO", "AL"], [0.774, 0.015]]],
        [["FCC_A1", ["CO", "AL"], [0.85, 0.095]], ["CO3W", ["CO", "AL"], [0.7709999999999999, 0.017]]],
        [["FCC_A1", ["AL", "CO"], [0.10800000000000001, 0.89]], ["BCC_B2", ["AL", "CO"], [0.381, 0.618]]],
        [["FCC_A1", ["AL", "CO"], [0.10099999999999999, 0.887]], ["BCC_B2", ["AL", "CO"], [0.38, 0.612]]],
        [["BCC_B2", ["CO", "AL"], [0.604, 0.391]], ["CO3W", ["CO", "AL"], [0.77, 0.019]]],
        [["BCC_B2", ["CO", "AL"], [0.597, 0.387]], ["CO3W", ["CO", "AL"], [0.767, 0.02]]],
        [["BCC_B2", ["CO", "AL"], [0.5820000000000001, 0.38299999999999995]], ["CO3W", ["CO", "AL"], [0.767, 0.019]]],
        [["CO3W", ["CO", "AL"], [0.767, 0.0]], ["MU_D85", ["CO", "AL"], [0.536, 0.0]]],
        [["CO3W", ["CO", "AL"], [0.762, 0.009000000000000001]], ["MU_D85", ["CO", "AL"], [0.529, 0.006]]],
        [["MU_D85", ["CO", "AL"], [0.51, 0.0]], ["BCC_A2", ["CO", "AL"], [0.039, 0.0]]],
        [["MU_D85", ["CO", "AL"], [0.503, 0.004]], ["BCC_A2", ["CO", "AL"], [0.032, 0.0]]],
        [["FCC_A1", ["CO", "AL"], [0.973, 0.0]], ["CO3W", ["CO", "AL"], [0.779, 0.0]]],
        [["FCC_A1", ["CO", "AL"], [0.9259999999999999, 0.027000000000000003]], ["CO3W", ["CO", "AL"], [0.769, 0.004]]],
        [["FCC_A1", ["CO", "AL"], [0.9009999999999999, 0.051]], ["CO3W", ["CO", "AL"], [0.768, 0.006]]],
        [["FCC_A1", ["CO", "AL"], [0.877, 0.075]], ["CO3W", ["CO", "AL"], [null, null]]],
        [["FCC_A1", ["CO", "AL"], [0.866, 0.08800000000000001]], ["CO3W", ["CO", "AL"], [0.765, 0.015]]],
        [["FCC_A1", ["CO", "AL"], [0.885, 0.01]], ["BCC_B2", ["CO", "AL"], [0.617, 0.38]]],
        [["FCC_A1", ["CO", "AL"], [0.875, 0.115]], ["BCC_B2", ["CO", "AL"], [0.609, 0.384]]],
        [["FCC_A1", ["CO", "AL"], [0.858, 0.102]], ["BCC_B2", ["CO", "AL"], [0.607, 0.374]]],
        [["FCC_A1", ["CO", "AL"], [0.852, 0.102]], ["MU_D85", ["CO", "AL"], [0.528, 0.005]]],
        [["FCC_A1", ["CO", "AL"], [0.8590000000000001, 0.09699999999999999]], ["MU_D85", ["CO", "AL"], [0.529, 0.004]]],
        [["FCC_A1", ["CO", "AL"], [0.8640000000000001, 0.091]], ["MU_D85", ["CO", "AL"], [0.529, 0.003]]],
        [["BCC_B2", ["CO", "AL"], [0.599, 0.376]], ["MU_D85", ["CO", "AL"], [0.534, 0.006999999999999999]]],
        [["BCC_B2", ["CO", "AL"], [0.582, 0.383]], ["MU_D85", ["CO", "AL"], [0.521, 0.006]]],
        [["BCC_B2", ["CO", "AL"], [0.568, 0.40299999999999997]], ["MU_D85", ["CO", "AL"], [0.524, 0.006999999999999999]]],
        [["BCC_B2", ["CO", "AL"], [0.544, 0.439]], ["MU_D85", ["CO", "AL"], [0.524, 0.012]]],
        [["BCC_B2", ["CO", "AL"], [0.535, 0.449]], ["MU_D85", ["CO", "AL"], [0.523, 0.012]]],
        [["CO3W", ["CO", "AL"], [0.762, 0.011000000000000001]], ["MU_D85", ["CO", "AL"], [0.528, 0.006]]],
        [["MU_D85", ["CO", "AL"], [0.51, 0.003]], ["BCC_B2", ["CO", "AL"], [0.026000000000000002, 0.0]]],
        [["MU_D85", ["CO", "AL"], [0.505, 0.005]], ["BCC_B2", ["CO", "AL"], [0.03, 0.0]]],
        [["MU_D85", ["CO", "AL"], [0.501, 0.009000000000000001]], ["BCC_B2", ["CO", "AL"], [0.035, 0.0]]]
    ],
    "reference": "zhu2017experimental",
    "comment": "From supplemntary table S1"
}
