{"components": ["FE", "V"], "phases": ["BCC_A2", "FCC_A1"], "broadcast_conditions": false, "output": "ZPF", "conditions": {"P": 101325, "T": [1199.252147520746, 1203.5495546078505, 1227.8032366849975, 1248.362463498309, 1248.4194028356342, 1267.3802021649053, 1277.5165044858297, 1287.6552824301164, 1298.105438779485, 1318.400324031591, 1322.8605721220601, 1328.2202967007092, 1373.1514853740173, 1423.034470909775, 1473.0852486956217, 1517.72678943558, 1523.3211480950904, 1548.4019634443953, 1558.1278624257588, 1558.3575452598966, 1572.8352657499158, 1593.6112471420304, 1607.797394213863, 1613.91548474906, 1632.9816356058457, 1643.7995595590971]}, "values": [[["BCC_A2", ["V"], [0.003643272576034642]], ["FCC_A1", ["V"], [null]]], [["BCC_A2", ["V"], [0.0053885408345821445]], ["FCC_A1", ["V"], [null]]], [["BCC_A2", ["V"], [0.008174019818190215]], ["FCC_A1", ["V"], [null]]], [["BCC_A2", ["V"], [0.009332109825253992]], ["FCC_A1", ["V"], [null]]], [["BCC_A2", ["V"], [0.010014774520224187]], ["FCC_A1", ["V"], [null]]], [["BCC_A2", ["V"], [0.013342117945298614]], ["FCC_A1", ["V"], [null]]], [["BCC_A2", ["V"], [0.013980736349412774]], ["FCC_A1", ["V"], [null]]], [["BCC_A2", ["V"], [0.014649035827221286]], ["FCC_A1", ["V"], [null]]], [["BCC_A2", ["V"], [0.015494999240808823]], ["FCC_A1", ["V"], [null]]], [["BCC_A2", ["V"], [0.017039365712286342]], ["FCC_A1", ["V"], [null]]], [["BCC_A2", ["V"], [0.0171814334849515]], ["FCC_A1", ["V"], [null]]], [["BCC_A2", ["V"], [0.017440958033232756]], ["FCC_A1", ["V"], [null]]], [["BCC_A2", ["V"], [0.019247067211523847]], ["FCC_A1", ["V"], [null]]], [["BCC_A2", ["V"], [0.019977475128237276]], ["FCC_A1", ["V"], [null]]], [["BCC_A2", ["V"], [0.01916404470645707]], ["FCC_A1", ["V"], [null]]], [["BCC_A2", ["V"], [0.01749746826250849]], ["FCC_A1", ["V"], [null]]], [["BCC_A2", ["V"], [0.01701454346204373]], ["FCC_A1", ["V"], [null]]], [["BCC_A2", ["V"], [0.015494576734421717]], ["FCC_A1", ["V"], [null]]], [["BCC_A2", ["V"], [0.014768288254982592]], ["FCC_A1", ["V"], [null]]], [["BCC_A2", ["V"], [0.013966476758847872]], ["FCC_A1", ["V"], [null]]], [["BCC_A2", ["V"], [0.013322471398298081]], ["FCC_A1", ["V"], [null]]], [["BCC_A2", ["V"], [0.009968193191045499]], ["FCC_A1", ["V"], [null]]], [["BCC_A2", ["V"], [0.009383972484271533]], ["FCC_A1", ["V"], [null]]], [["BCC_A2", ["V"], [0.008069132607590585]], ["FCC_A1", ["V"], [null]]], [["BCC_A2", ["V"], [0.005548459502102625]], ["FCC_A1", ["V"], [null]]], [["BCC_A2", ["V"], [0.0036926001967295336]], ["FCC_A1", ["V"], [null]]]], "reference": "fischer1970untersuchung", "comment": "fischer1970untersuchung"}